Term,Related Terms
-D Television,[]
A Account executive,[]
Account management,['ad']
Account planner,"['ad', 'Strategy', 'market', 'rate', 'Brand', 'Market', 'Development', 'strategy']"
Account services,[]
Acquired needs,['Culture']
Active publics,[]
Ad allowances,"['ad', 'Local advertising', 'Advertising']"
Adaptation,['Localization']
Added value,"['ad', 'market', 'Advertising', 'Market', 'Appeal']"
Addressable media,"['Prospects', 'message', 'media', 'Message', 'Internet']"
Addressable television,['ad']
Adoption,"['Diffusion', 'Family']"
Adoption process,[]
Advertainment,"['ad', 'Advertising']"
Advertisement,"['Advocacy advertising', 'Art director', 'of communication', 'Painted outdoor bulletins', 'Campaign plan', 'Trailers', 'Recognition test', 'Receiver', 'Click fraud', 'Webisode', 'Intend-to-buy test', 'Message', 'Free association', 'Taglines', 'Exporting', 'Recall test', 'Effects', 'Media buyer', 'Attention', 'Persuasion test', 'Eye-tracking']"
Advertiser,"['Participant observation', 'In-house agency', 'Guaranteed circulation', 'one-bill', 'Source', 'Tie-ins', 'Tip-ins', 'Preferred positions', 'Advertising', 'M Make goods', 'Advertising agency', 'ad', 'Fee system', 'Channel of distribution', 'Consent decree', 'Offline advertising', 'Cease-and-desist order', 'Corrective advertising', 'Mental rehearsal']"
Advertising,"['Holding companies', 'one-bill', 'Spot radio advertising', 'Standardization', 'Wave analysis', 'Full-service agency', 'Direct-response advertising', 'Y Yellow Pages', 'Public relations', 'Rate card', 'Continuous strategy', 'Wants', 'Advertising department', 'Brokers', 'Percentage-of-sales method', 'Advertising plan', 'Direct action', 'Cease-and-desist order', 'Indirect advertising', 'Price copy', 'Media optimization', 'Institutional advertising', 'Answer print', 'Maven marketing', 'Purging', 'Creative boutique', 'Public television', 'Humor', 'Reason to believe', 'Endorsement', 'Share of voice', 'ad', 'Trade advertising', 'Deceptive advertising', 'Cold call', 'Spot buy', 'Diaries', 'Advocacy', 'Ad allowances', 'Claim substantiation', 'Advertiser', 'Creative strategy', 'Local advertising', 'Pulsing strategy', 'media', 'Coverage', 'Brand advertising', 'value added media services', 'model', 'strategy', 'Comparison', 'Big Idea', 'Indirect action', 'Implied third-party endorsement', 'Offline advertising', 'Promotional allowances', 'Localization', 'Broadcast network', 'Noise', 'Puffery', 'Core values', 'Feature story', 'Advocacy advertising', 'F False advertising', 'Specialty advertising', 'Clutter reel', 'E-commerce', 'Co-op advertising', 'Advertainment', 'Targeted reach', 'Brand licensing', 'Carryover effect', 'Selling premise', 'Added value', 'Contest', 'Demonstration', 'Supplements', 'Appeal', 'Preprints', 'rate', 'per lead']"
Advertising agency,"['Holding companies', 'Advertiser', 'Creative boutique', 'ad']"
Advertising department,"['ad', 'Advertising']"
Advertising plan,"['ad', 'message', 'rate', 'media', 'Message', 'Advertising']"
Advertising research,"['Strategic planning', 'market', 'Diaries', 'rate', 'Consumer', 'Market']"
Advocacy,"['ad', 'Advertising']"
Advocacy advertising,"['ad', 'message', 'rate', 'Message', 'Advertisement', 'Advertising']"
Affective response,['program']
Agency networks,"['Holding companies', 'ad']"
AIDA,"['Cognition', 'Interest', 'Effects', 'Attention', 'Hierarchy of effects', 'Recall', 'Recognition']"
Ambush marketing,['ad']
Analogies,[]
Animatics,[]
Annual report,[]
Answer print,"['ad', 'message', 'Message', 'Consumer', 'Advertising']"
Appeal,"['ad', 'Added value', 'Interest', 'Preferred positions', 'message', 'Message', 'Attention', 'Experimental research', 'Advertising', 'Preferred-position rate']"
Argument,"['rate', 'Strategy', 'Conviction', 'strategy']"
Art director,"['ad', 'Advertisement', 'Image']"
Association,"['Link', 'Conditioned learning', 'Cross promotion', 'Nonprofit advertising', 'Brainstorming', 'Knowledge structure', 'Netcasting', 'Lifestyle', 'Symbolic meaning']"
Association tests,"['Brand', 'Perception', 'Consumer']"
Attention,"['Intrusiveness', 'AIDA', 'Display copy', 'Indirect-action headlines', 'Endorser', 'Spot color', 'Headline', 'Advertisement', 'Incubation', 'Position', 'Rough layouts', 'Appeal', 'Intrusive']"
Attributes,"['Brand meaning', 'Product development']"
Avatars,[]
Average frequency,"['Frequency quintile distribution analysis', 'media']"
Aware publics,[]
Awareness,"['ad', 'message', 'Carryover effect', 'Message', 'Core values']"
B Back translation,"['ad', 'Original']"
Bandwagon appeals,['ad']
Bandwidth,['Broadband']
Banner ad,['Banners']
Banners,"['ad', 'Banner ad']"
Behavioral targeting,"['Market', 'market']"
Beliefs,"['market', 'message', 'Message', 'Public opinion', 'Endorsement', 'Position', 'Market']"
Benefit,"['Comparison', 'Reason why', 'Niche market', 'Embedded research', 'Undifferentiated strategy', 'Promise']"
Big Idea,"['ad', 'Concepting', 'Original', 'Vampire creativity', 'Comprehensives', 'Advertising', 'Creative concept']"
Bleed,['ad']
Bleed throughs,"['Image', 'rate']"
Blind headline,['ad']
Blog,"['Micro-blog', 'Vlogs', 'Blogola']"
Blogola,"['ad', 'Blog', 'Endorsement', 'Customer', 'Consumer']"
Body copy,"['Lead paragraph', 'message', 'Message', 'Closing paragraph', 'Underlines']"
Brag-and-boast copy,['Consumer']
Brainfag,[]
Brainstorming,"['Association', 'Crowdsourcing', 'Free association']"
Brand,"['Infomercial', 'Account planner', 'Soft-sell approach', 'Transformation', 'Strategic consistency', 'Packaging', 'International marketing', 'Cross promotion', 'Problem avoidance message', 'Customer satisfaction', 'Search optimization', 'Brand icon', 'techniques', 'Crisis management', 'Persuasion test', 'Tracking studies', 'Experiential marketing', 'Vampire creativity', 'Brand communities', 'Liking', 'Image advertising', 'Private label brands', 'Tip-ins', 'extension', 'market', 'Intend-to-buy test', 'Branded entertainment', 'Humor', 'Copycat advertising', 'Strategic philanthropy', 'Share of voice', 'ad', 'Netcasting', 'Marketer', 'Reminder advertising', 'Brand management', 'Share of mind', 'Private labels', 'Interactivity', 'Brand personality', 'Evoked set', 'Stop motion', 'diaries', 'Prospects', 'Share of wallet', 'Brand advertising', 'Brand name', 'Association tests', 'Referrals', 'Semiotic analysis', 'Switchers', 'Comparison', 'Brand position', 'Indirect action', 'International brand', 'Product placement', 'materials', 'Multiplatform', 'Localization', 'Brand equity', 'Consumer research panel', 'Core values', 'Brand value', 'Trade show', 'Brand transformation', 'Brand identity', 'Institutional markets', 'Market', 'message', 'Clutter reel', 'Position', 'Licensing', 'Regional brand', 'Brand licensing', 'Marketing mix', 'Ingredient branding', 'Comparative advertising', 'Generic brands', 'Brand penetration', 'Virtual communities', 'display', 'Local brand', 'Brand relationship', 'Content analysis']"
Brand advertising,"['ad', 'Strategy', 'Perception', 'rate', 'Brand', 'Advertising', 'Image', 'strategy']"
Brand communities,"['Market', 'Brand', 'market', 'Development']"
Brand equity,"['Brand', 'Reputation', 'Brand licensing']"
extension,"['Brand name', 'Brand']"
Brand icon,['Brand']
Brand identity,"['Brand', 'Image', 'Product category']"
Brand licensing,"['Brand equity', 'ad', 'Link', 'message', 'Message', 'Brand name', 'Brand', 'Customer', 'Advertising']"
Brand management,"['Market', 'Brand', 'market']"
Brand meaning,"['Image advertising', 'Image', 'Perception', 'Attributes']"
Brand name,"['extension', 'message', 'Brand licensing', 'Reminder advertising', 'Brand', 'Trade show', 'Product placement']"
Brand penetration,"['market', 'Population', 'Brand', 'Customer', 'Market']"
Brand personality,"['Brand', 'Image']"
Brand position,"['Brand', 'Consumer']"
Brand promise,['Customer']
Brand relationship,['Brand']
Brand transformation,['Brand']
Brand value,"['ad', 'Brand']"
Branded apps,[]
Branded entertainment,['Brand']
Branding,['Clutter reel']
Break-even analysis,[]
Broadband,"['ad', 'Casting', 'media', 'Bandwidth', 'Image']"
Broadcast network,"['ad', 'program', 'Advertising']"
Broadsheets,[]
Brokers,"['ad', 'Advertising', 'media']"
market,"['Holding companies', 'Account planner', 'Sales promotion', 'Brand', 'Catalog', 'Fulfillment', 'Direct-response advertising', 'Permission marketing', 'Prospecting', 'Segmenting', 'International marketing', 'Cross promotion', 'Undifferentiated strategy', 'Product development', 'Scanner research', 'Videographer', 'Marketing services', 'Four Ps', 'Media kit', 'Advertising research', 'Relational database', 'Display copy', 'Intermediaries', 'Media optimization', 'Experiential marketing', 'Marketing concept', 'Brand communities', 'Purging', 'Minisites', 'Receiver', 'Refund', 'Single-source research', 'Consumer research', 'Marketing research', 'Test market', 'Positioning', 'Social marketing', 'Lead agency', 'Effective', 'Cold call', 'Database marketing', 'Marketer', 'Reminder advertising', 'Brand management', 'Marketing imperialism', 'Media research', 'Direct mail', 'Offer', 'Guerrilla marketing', 'value added media services', 'Outbound telemarketing', 'Compiled list', 'Semiotic analysis', 'Beliefs', 'Effects', 'Direct-response marketing communica- tion', 'Social media marketing', 'Databases', 'Personal selling', 'IMC research', 'Intrusive', 'Predictive dialing', 'Price', 'Puffery', 'Low involvement', 'Institutional markets', 'Campaign plan', 'Target market', 'Behavioral targeting', 'Telemarketing', 'Global brand', 'Controlled media', 'Niche market', 'Marketing mix', 'Search marketing', 'Carrot mob', 'Town hall forums', 'Personal sales', 'Added value', 'Brand penetration', 'Corporate identity advertising', 'Showing', 'Direct-response marketing', 'Demonstration', 'Response list', 'Market segmentation', 'Channel market', 'Social networking']"
Buyer,"['Market segmentation', 'Receiver', 'Consumer', 'Media salespersons', 'Market']"
Buzz,['Interest']
C Cable radio,"['Cable television', 'Receiver']"
Cable television,"['Household', 'C Cable radio']"
Call centers,"['Customer', 'Prospects']"
Call-out,"['ad', 'rate', 'Display copy', 'display', 'Headline']"
Campaign,"['ad', 'Public affairs', 'Single-source research', 'Contest', 'Concurrent research', 'media', 'Execution', 'Standardization', 'Slogans', 'Lead agency', 'Wave analysis']"
Campaign plan,"['ad', 'Single-source research', 'market', 'Advertisement', 'Market']"
Capital campaigns,[]
Captions,[]
Carrot mob,"['Market', 'Green marketing', 'market']"
Carryover effect,"['ad', 'message', 'Message', 'Advertising', 'Awareness', 'Recall']"
Casting,"['Public radio', 'Underwriting', 'Netcasting', 'Broadband']"
Catalog,"['market', 'rate', 'Public opinion', 'Market', 'Development']"
Cease-and-desist order,"['ad', 'Advertiser', 'Deceptive advertising', 'Advertising']"
Change agent,['program']
Channel market,"['ad', 'market', 'Diaries', 'media', 'Intermediaries', 'Channel market', 'Distribution chain', 'Market', 'Reseller', 'diaries']"
of communication,"['ad', 'Advertisement', 'media']"
Channel of distribution,"['ad', 'media', 'Display copy', 'Advertiser', 'Consumer']"
Chat room,['Website']
Circulation,"['Maven marketing', 'Pass-along readership']"
Claim,"['Supply chain', 'Structural analysis', 'Your-name-here copy', 'Reason to believe', 'Deceptive advertising', 'Substantiation']"
Claim substantiation,"['ad', 'Interest', 'message', 'Message', 'Advertising']"
Claymation,['Original']
Click art,['Clip art']
Click fraud,"['ad', 'Take', 'Website', 'Advertisement']"
Click-through rates,"['ad', 'Effective', 'Website', 'Effectiveness']"
Clip art,"['Click art', 'Copyright']"
Closing,"['ad', 'Donut']"
Closing paragraph,"['ad', 'Body copy', 'Message', 'message']"
Cloud computing,[]
Clutter,"['Message', 'Clutter reel', 'message']"
Clutter reel,"['ad', 'program', 'Clutter', 'Branding', 'Brand', 'Advertising']"
Co-marketing,['program']
Code-of-ethics,[]
Cognition,"['Consumer', 'Typography', 'AIDA']"
Cognitive dissonance,[]
Cognitive learning,"['ad', 'Message', 'message']"
Coincidental survey,['ad']
Cold call,"['ad', 'Interest', 'Leads', 'market', 'Public relations', 'Sales promotion', 'Cold call', 'Advertising', 'materials', 'Market', 'Marketer']"
Color separation,"['Process colors', 'Image']"
Commercial speech,[]
Commission,"['Feature story', 'media', 'ad']"
Communication audit,[]
Communication brief,"['Strategy', 'message', 'rate', 'Message', 'Consumer', 'strategy']"
Comparative advertising,"['Brand', 'rate', 'Strategy', 'strategy']"
Comparison,"['ad', 'Benefit', 'Payout analysis', 'Feature analysis', 'Brand', 'Metaphors', 'Advertising']"
Compiled list,"['Market', 'market', 'Purging', 'Merging']"
Composition,['Position']
Comprehension,[]
Comprehensives,"['Big Idea', 'Layout', 'ad']"
Concepting,['Big Idea']
Concurrent research,"['ad', 'Effectiveness', 'message', 'media', 'rate', 'Effective', 'Message', 'Campaign']"
Conditioned learning,"['ad', 'Association', 'Leads']"
Consent decree,"['ad', 'Advertiser']"
Considered purchase,[]
Consolidated services,[]
Consumer,"['Open-ended questions', 'Sampling', 'Soft-sell approach', 'Quantitative research', 'Buyer', 'Target market', 'Position', 'Refund', 'Local advertising', 'Market research', 'diaries', 'Interest', 'Permission marketing', 'Intend-to-buy test', 'Perceptual map', 'Marketing mix', 'Search marketing', 'Positioning', 'Association tests', 'Endorsement', 'Insight mining', 'Undifferentiated strategy', 'Communication brief', 'Blogola', 'Product-driven philosophy', 'Die-cutting', 'Motivation test', 'Cognition', 'Involvement', 'Channel of distribution', 'Resonance', 'Scanner research', 'Family', 'Videographer', 'Brand position', 'Consumer behavior', 'Deceptive advertising', 'Retail advertising', 'Usage', 'Search optimization', 'Databases', 'Psychographics', 'Offline advertising', 'techniques', 'Advertising research', 'Consumer insight research', 'Database marketing', 'Brag-and-boast copy', 'Hard-sell approach', 'Marketer', 'Pass-along readership', 'Trend spotters', 'Consumer research panel', 'Diaries', 'Reminder advertising', 'Puffery', 'Tracking studies', 'Market selectivity', 'Mental rehearsal', 'Two-step offer', 'Answer print', 'Lobbying']"
Consumer behavior,"['Needs', 'Consumer']"
diaries,"['Purging', 'Offer', 'Brand', 'Channel market', 'Consumer', 'Reseller']"
Consumer insight research,"['Motivation', 'Consumer']"
Consumer magazine,[]
Consumer market,[]
Consumer research,"['Market', 'market', 'Market research']"
Consumer research panel,"['Interest', 'media', 'Product category', 'Brand', 'Consumer']"
Content analysis,"['materials', 'Brand']"
Contest,"['ad', 'Sweepstakes', 'Campaign', 'Advertising']"
Continuous strategy,"['ad', 'Strategy', 'media', 'rate', 'Advertising', 'Media strategy', 'strategy']"
Continuous tone,"['ad', 'Image', 'H Halftones']"
Controlled circulation,[]
Controlled media,"['Market', 'market', 'Marketer', 'media']"
Convergence,['media']
Conviction,"['Permission to believe', 'Argument', 'Personalization']"
Cookies,[]
Cool hunters,[]
Co-op advertising,"['ad', 'Co-op advertising', 'Advertising']"
Copycat advertising,"['Effectiveness', 'Brand', 'Effective', 'ad']"
Copyright,"['Original', 'Clip art']"
Copywriter,['ad']
Core values,"['ad', 'rate', 'Values', 'Brand', 'Advertising', 'Awareness']"
Corporate culture,['Values']
Corporate identity advertising,"['Market', 'market', 'Reputation']"
Corporate image,"['Take', 'message', 'Message', 'Perception']"
Corporate relations,"['Image', 'Reputation']"
Corporate social responsibility,['program']
Corrective advertising,"['ad', 'Advertiser']"
per lead,"['ad', 'Prospects', 'message', 'media', 'rate', 'Message', 'Advertising']"
Country of origin,[]
Coupons,['Shelf talkers']
Coverage,"['ad', 'Medium', 'Demonstration', 'medium', 'Advertising']"
Crawl,"['Screen', 'rate']"
Creative boutique,"['ad', 'Strategy', 'rate', 'Execution', 'Advertising', 'Advertising agency', 'strategy']"
Creative concept,"['ad', 'Strategy', 'rate', 'Big Idea', 'Original', 'strategy']"
Creative director,[]
Creative platform,"['ad', 'Strategy', 'message', 'rate', 'Message', 'Message strategy', 'strategy']"
Creative strategy,"['ad', 'message', 'Message', 'Advertising']"
Credibility,"['Reliability', 'Marketing mix', 'Permission to believe', 'Source']"
Crisis management,"['ad', 'Brand', 'Leads', 'Customer']"
Cross-functional management,[]
Cross-functional organization,"['Take', 'Customer', 'Relevant']"
Cross-functional planning,['Customer']
Cross-media,[]
Cross promotion,"['program', 'market', 'Brand', 'Association', 'Market', 'Marketer']"
Crowdsourcing,"['Brainstorming', 'Internet']"
Cultural and social influences,[]
Cultural imperialism,"['Culture', 'Lifestyle']"
Culture,"['Cultural imperialism', 'Nontraditional delivery', 'Acquired needs', 'Standardization', 'Marketing imperialism', 'Localization']"
Customer,"['Direct mail', 'Payout analysis', 'Offer', 'Cross-functional planning', 'Receiver', 'House list', 'Lifestyle', 'Tip-ins', 'Market research', 'Leads', 'Prospects', 'Sales levels', 'Brand licensing', 'Price-value strategy', 'Psychological pricing', 'Blogola', 'Lead agency', 'Brand promise', 'Product development', 'Personal sales', 'Brand penetration', 'program', 'Personalization', 'Call centers', 'Reason why', 'Direct-response marketing', 'Customer satisfaction', 'Direct-response marketing communica- tion', 'Personal selling', 'Distribution chain', 'Cross-functional organization', 'Relational database', 'Digital marketing', 'Display copy', 'Crisis management', 'Shelf talkers', 'Shoppers', 'Experiential marketing', 'Inbound telemarketing', 'Marketing concept', 'Game']"
Customer satisfaction,"['Brand', 'Customer']"
Cutouts,['ad']
D Dailies,"['Needs', 'Scenes']"
Database marketing,"['market', 'rate', 'Effective', 'Databases', 'Consumer', 'Market']"
Databases,"['market', 'Microtargeting', 'Consumer', 'Market', 'Database marketing', 'Relational database']"
Daypart,['ad']
Dealer tag,['ad']
Debossing,['Image']
Deceptive advertising,"['ad', 'Leads', 'Cease-and-desist order', 'Claim', 'Consumer', 'Advertising']"
Delayed effects,['ad']
Demand creation,[]
Demographics,[]
Demonstration,"['ad', 'Household', 'Strategy', 'market', 'rate', 'Coverage', 'Advertising', 'Market', 'strategy']"
Development,"['Brand communities', 'Full-service agency', 'Account planner', 'Catalog']"
Developmental research,"['rate', 'Strategy', 'strategy']"
Diagnostic research,"['Strategy', 'message', 'rate', 'Message', 'Execution', 'strategy']"
Diaries,"['ad', 'media', 'Purging', 'Channel market', 'Consumer', 'Advertising', 'Advertising research', 'Reseller']"
Die-cutting,"['ad', 'Strategy', 'rate', 'Consumer', 'materials', 'strategy']"
Diffusion,"['ad', 'Diffusion', 'Adoption']"
Digital displays,"['ad', 'Image']"
Digital marketing,"['Internet', 'Customer', 'program', 'media']"
Digitization,"['ad', 'Image']"
Direct action,"['ad', 'Advertising', 'media']"
Direct mail,"['Personal sales', 'market', 'media', 'Open-ended questions', 'Offer', 'Customer', 'Market']"
Direct-action headline,"['ad', 'Leads']"
Direct-response advertising,"['ad', 'market', 'message', 'Message', 'Advertising', 'Market']"
Direct-response marketing,"['Customer', 'Market', 'market', 'media']"
Direct-response marketing communica- tion,"['market', 'message', 'Message', 'Customer', 'Market']"
Directional advertising,[]
Discretionary income,[]
Display advertising,"['Message', 'message']"
Display copy,"['ad', 'Take', 'Channel of distribution', 'market', 'Attention', 'Customer', 'Call-out', 'Headline', 'Market']"
Distribution chain,"['Customer', 'Channel market']"
Divergent thinking,['ad']
Domain name,"['ad', 'Website', 'Domain name', 'Undifferentiated strategy']"
Donut,"['ad', 'Closing']"
Double-page spread,['ad']
Dubbing,[]
E E-business,[]
E-commerce,"['ad', 'Public relations', 'media', 'Internet', 'Publicity', 'Advertising']"
Effective,"['market', 'Public relations', 'Concurrent research', 'Post-testing research', 'Effective', 'Click-through rates', 'Payout planning', 'Persuasion test', 'Copycat advertising', 'Market', 'Database marketing', 'Product development']"
Effective frequency,"['Message', 'message']"
Effectiveness,"['Concurrent research', 'Post-testing research', 'Click-through rates', 'Persuasion test', 'Copycat advertising', 'Payout planning']"
Effects,"['ad', 'market', 'AIDA', 'Advertisement', 'Market', 'model']"
Embedded research,['Benefit']
Embossing,['Image']
Emotional appeals,"['Message', 'message', 'rate']"
Employee relations,[]
Endorsement,"['ad', 'Beliefs', 'Testimonial', 'Consumer', 'Advertising', 'Blogola']"
Endorser,"['ad', 'Spokesperson', 'Attention']"
Ethics,[]
Ethnographic research,[]
Evaluative research,['ad']
Event marketing,['program']
Evoked set,"['Brand', 'Product category']"
Exchange,"['Fulfillment', 'Marketer']"
Execution,"['Diagnostic research', 'message', 'Value billing', 'Message', 'Campaign', 'Creative boutique']"
Experiential marketing,"['market', 'rate', 'Brand', 'Customer', 'Market']"
Experimental research,"['ad', 'Appeal', 'Price']"
Expert panel,[]
Exporting,"['ad', 'Advertisement']"
Extensions,[]
transit advertising,"['ad', 'poster']"
Eye-tracking,"['ad', 'Interest', 'Advertisement']"
F False advertising,"['ad', 'Advertising']"
Family,"['ad', 'Household', 'Package goods', 'Consumer', 'Adoption']"
Feature analysis,['Comparison']
Feature story,"['ad', 'Interest', 'media', 'Commission', 'Advertising']"
Fee system,"['ad', 'Advertiser', 'rate']"
Feedback,"['Source', 'Message', 'Receiver', 'message']"
Film-to-tape transfer,[]
Financial relations,[]
Flash mob,"['Message', 'rate', 'message', 'media']"
strategy,"['Account planner', 'Developmental research', 'Purging', 'Creative boutique', 'Strategic consistency', 'Global brand', 'Diagnostic research', 'Product-as-hero', 'Humor', 'Problem avoidance message', 'Creative platform', 'Brand advertising', 'Psychological pricing', 'Comparative advertising', 'Advertising', 'Communication brief', 'Die-cutting', 'Argument', 'Product development', 'ad', 'Tactic', 'Problem solution message', 'Videographer', 'Continuous strategy', 'Demonstration', 'Message development research', 'Localization', 'Reminder advertising', 'Puffery', 'Teaser', 'Spokesperson', 'Creative concept']"
Focus groups,[]
Foil stamping,['Image']
Font,[]
Four Ps,"['Market', 'Marketing mix', 'market', 'Price']"
Four-color printing,['Process colors']
Free association,"['ad', 'media', 'Brainstorming', 'Advertisement', 'Position']"
Frequency distribution,"['message', 'media', 'Population', 'Message', 'Media planning']"
Frequency quintile distribution analysis,"['Media planning', 'media', 'Average frequency']"
Friendship focus groups,[]
Fulfillment,"['Market', 'market', 'Exchange']"
Full-service agency,"['ad', 'rate', 'Advertising', 'Strategic philanthropy', 'Development']"
G Gaffer,[]
Game,"['Take', 'Social games', 'Sweepstakes', 'Customer', 'Sweeps']"
Gap analysis,[]
Gatefold,[]
Gatekeepers,[]
Generic brands,"['Brand', 'Image']"
Global brand,"['Strategy', 'market', 'rate', 'Market', 'strategy']"
Globalization,['ad']
Green marketing,['Carrot mob']
Grip,"['Population', 'media']"
Guaranteed circulation,"['ad', 'Advertiser']"
Guerrilla marketing,"['Market', 'Message', 'market', 'message']"
Gutter,['White space']
H Halftones,"['ad', 'Continuous tone']"
Hard sell,"['Message', 'message']"
Hard-sell approach,"['ad', 'Tags', 'Consumer']"
Headline,"['ad', 'Display copy', 'Subheads', 'Attention', 'display', 'Call-out', 'Overlines', 'Underlines']"
Heavy-up schedule,"['Media planning', 'media']"
Heuristics,['program']
Hierarchy of effects,['AIDA']
High involvement,['Relevant']
High-context culture,"['Message', 'Image', 'message']"
Hits,[]
Holding companies,"['ad', 'market', 'Market', 'Marketing services', 'Advertising', 'Agency networks', 'Advertising agency']"
Home page,['Website']
ad,"['Holding companies', 'Webcasting', 'Account planner', 'Painted outdoor bulletins', 'Industrial advertising', 'Participant observation', 'Soft-sell approach', 'Bleed', 'In-house agency', 'Sales promotion', 'Ambush marketing', 'Divergent thinking', 'one-bill', 'Brand', 'Spot radio advertising', 'Standardization', 'Headline', 'transit advertising', 'Click fraud', 'Awareness', 'Wave analysis', 'Webisode', 'Full-service agency', 'Direct-response advertising', 'Cognitive learning', 'H Halftones', 'Domain name', 'Daypart', 'Creative platform', 'Radio script', 'Y Yellow Pages', 'Blind headline', 'Satellite radio', 'Advertising', 'Undifferentiated strategy', 'M Make goods', 'Smart phones', 'Die-cutting', 'Spot color', 'Traditional delivery', 'Exporting', 'Morning drive time', 'Conditioned learning', 'Public relations', 'Rate card', 'Videographer', 'Addressable television', 'Continuous strategy', 'Closing paragraph', 'Wants', 'Theater of the mind', 'Advertising department', 'Brokers', 'Consent decree', 'Overlines', 'Media kit', 'Hard-sell approach', 'Percentage-of-sales method', 'Pass-along readership', 'Advertising plan', 'Delayed effects', 'Direct action', 'Cease-and-desist order', 'Spam', 'Display copy', 'Closing', 'Crisis management', 'Indirect advertising', 'Price copy', 'Skyscrapers', 'Media optimization', 'Persuasion test', 'Institutional advertising', 'Tweets', 'Eye-tracking', 'Likability tests', 'Two-step offer', 'Answer print', 'Line art', 'Creative concept', 'Maven marketing', 'Art director', 'of communication', 'Release prints', 'Image advertising', 'Purging', 'Minisites', 'Evaluative research', 'Source', 'Trailers', 'Underwriting', 'Recognition test', 'Layout', 'Creative boutique', 'Receiver', 'Issue management', 'Tip-ins', 'Banners', 'Public television', 'Single-source research', 'Preferred positions', 'Diffusion', 'Intend-to-buy test', 'Humor', 'Mechanicals', 'Reason to believe', 'Free association', 'Test market', 'Endorsement', 'Insight mining', 'Copycat advertising', 'Blogola', 'Slogans', 'Podcasts', 'Lead agency', 'Share of voice', 'V Validity', 'ad', 'Fee system', 'program', 'Trade advertising', 'Deceptive advertising', 'Traffic department', 'Cold call', 'Netcasting', 'Public radio', 'Spot buy', 'Diaries', 'Concurrent research', 'Reminder advertising', 'Advocacy', 'Pop-ups and pop-behind', 'Marketing imperialism', 'Copywriter', 'Dealer tag', 'Ad allowances', 'Claim substantiation', 'Pantry checks', 'Tint blocks', 'Commission', 'Advertiser', 'Proproduction', 'Creative strategy', 'Local advertising', 'Secondary research', 'Pulsing strategy', 'Media tour', 'Coverage', 'Nonprofit advertising', 'Click-through rates', 'Brand advertising', 'value added media services', 'Recall', 'strategy', 'model', 'Cutouts', 'Comparison', 'Family', 'Big Idea', 'Recall test', 'Widgets', 'Effects', 'Indirect action', 'Retail advertising', 'Social media marketing', 'Implied third-party endorsement', 'Globalization', 'Media planning', 'Offline advertising', 'Stereotype', 'Promotional allowances', 'Digital displays', 'Localization', 'Trend spotters', 'Underlines', 'Morphing', 'Broadcast network', 'Media buyer', 'Noise', 'Out-of-home advertising', 'Puffery', 'Corrective advertising', 'Core values', 'Brand value', 'Feature story', 'Campaign', 'Trade show', 'Comprehensives', 'Agency networks', 'Advocacy advertising', 'Payout analysis', 'Preference', 'F False advertising', 'Campaign plan', 'Indirect-action headlines', 'Open-ended questions', 'Clutter reel', 'E-commerce', 'Guaranteed circulation', 'Specialty advertising', 'Tie-ins', 'Co-op advertising', 'Target market', 'Advertainment', 'Experimental research', 'Digitization', 'Legibility', 'Outdoor advertising', 'Regional brand', 'Broadband', 'Targeted reach', 'Brand licensing', 'Spot announcements', 'Carryover effect', 'Message', 'Selling premise', 'Motive', 'Taglines', 'Podcasting', 'Account management', 'S Saccadic eye movement', 'Advertising agency', 'Slice-of-life message', 'Interior transit advertising', 'Added value', 'Nontraditional delivery', 'Channel of distribution', 'Lead paragraph', 'Contest', 'Demonstration', 'Direct-action headline', 'Professional advertising', 'Call-out', 'Coincidental survey', 'International advertising', 'Double-page spread', 'Continuous tone', 'Supplements', 'Donut', 'Appeal', 'Video editing', 'Bandwagon appeals', 'Preprints', 'Press conference', 'rate', 'Strategic research', 'B Back translation', 'Subheads', 'Syndication', 'Channel market', 'Key influencers', 'Mental rehearsal', 'Message strategy', 'Endorser', 'per lead']"
House list,['Customer']
Household,"['Cable television', 'Household', 'Package goods', 'Scanner research', 'Family', 'Rate card', 'Demonstration']"
Humor,"['ad', 'Strategy', 'message', 'rate', 'Message', 'Brand', 'Message strategy', 'Advertising', 'strategy']"
I Idea,[]
Ideation,['Incubation']
Illumination,[]
Image,"['Embossing', 'Brand personality', 'Art director', 'Strategy', 'Image advertising', 'Out-of-register color', 'High-context culture', 'Soft-sell approach', 'Transformation', 'Debossing', 'Key visual', 'Digitization', 'Strategic consistency', 'Broadband', 'Bleed throughs', 'Brand advertising', 'Color separation', 'Corporate relations', 'Generic brands', 'Public relations', 'Videographer', 'Offset printing', 'Screen', 'Continuous tone', 'Digital displays', 'Key frame', 'Perception', 'Brand meaning', 'Brand identity', 'Registered', 'Foil stamping']"
Image advertising,"['ad', 'Medium', 'Brand', 'medium', 'Brand meaning', 'Image']"
IMC research,"['Market', 'market']"
Immersion,"['Message', 'message']"
Implied third-party endorsement,"['ad', 'message', 'media', 'Message', 'Advertising']"
In-depth interview,['Open-ended questions']
In-house agency,"['ad', 'Advertiser']"
Inbound telemarketing,['Customer']
Incubation,"['Attention', 'Ideation']"
Independent stations,[]
Indirect action,"['ad', 'message', 'Message', 'Brand', 'Advertising', 'Recall']"
Indirect advertising,"['ad', 'Advertising']"
Indirect-action headlines,"['ad', 'Attention']"
Industrial advertising,"['ad', 'Suppliers', 'Original']"
Infomercial,"['Brand', 'Infomercial', 'Offer']"
Ingredient branding,['Brand']
Inquiry tests,"['Message', 'message']"
Insight mining,"['ad', 'message', 'Message', 'Internet', 'Consumer']"
Institutional advertising,"['ad', 'Advertising', 'rate']"
Institutional markets,"['market', 'message', 'Medium', 'rate', 'Message', 'Brand', 'medium', 'Market']"
Intend-to-buy test,"['ad', 'Preference', 'Brand', 'Advertisement', 'Consumer']"
Interactive communication,[]
Interactive television,[]
Interactivity,"['Brand', 'Message', 'message', 'rate']"
Interest,"['Claim substantiation', 'Spot radio advertising', 'Strategic consistency', 'media', 'Buzz', 'Selective perception', 'Publicity', 'Involvement', 'Lead paragraph', 'Personalization', 'Virtual communities', 'Videographer', 'Wants', 'Cold call', 'Consumer', 'Stereotype', 'Appeal', 'Consumer research panel', 'AIDA', 'Feature story', 'Eye-tracking', 'News value']"
Interior transit advertising,"['ad', 'poster']"
Interlock,['rate']
Intermediaries,"['Market', 'Channel market', 'market', 'Reseller']"
International advertising,"['ad', 'Standardization']"
International brand,['Brand']
International marketing,"['program', 'market', 'Brand', 'Lead agency', 'Market']"
Internet,"['Link', 'Webcasting', 'Crowdsourcing', 'Digital marketing', 'Addressable media', 'E-commerce', 'Search engine', 'Superstitials', 'Semi-controlled media', 'Insight mining', 'Undifferentiated strategy', 'Smart phones', 'World Wide Web']"
Intrusive,"['market', 'message', 'Message', 'Attention', 'Market']"
Intrusiveness,"['message', 'media', 'Message', 'Attention', 'techniques']"
Involvement,"['Interest', 'Consumer']"
Issue management,"['ad', 'Public opinion']"
Key frame,['Image']
Key influencers,['ad']
Key visual,"['Search engine', 'Website', 'Image', 'Relevant']"
Kiosks,"['Message', 'message']"
Knowledge structure,['Association']
L Latent publics,[]
Layout,"['ad', 'Selling premise', 'Print production', 'White space', 'Comprehensives', 'Position', 'Rough layouts', 'Spot color', 'Thumbnail sketches']"
Lead agency,"['ad', 'market', 'International marketing', 'Campaign', 'Customer', 'Market']"
Lead paragraph,"['ad', 'Body copy', 'Interest']"
Leads,"['Conditioned learning', 'Press conference', 'Prospects', 'Preference', 'Strategic research', 'Crisis management', 'Deceptive advertising', 'Direct-action headline', 'Cold call', 'Customer', 'Two-step offer']"
Left-brain thinking,[]
Legibility,['ad']
Licensing,['Brand']
Lifestyle,"['Cultural imperialism', 'Values', 'Profiles', 'Customer', 'Association', 'Social class']"
Likability tests,['ad']
Liking,"['Brand', 'Message', 'message']"
Line art,"['ad', 'media']"
Link,"['Portal', 'Brand licensing', 'Minisites', 'Website', 'Internet', 'Search optimization', 'Netcasting', 'Association']"
Lobbying,"['Public affairs', 'Consumer']"
Local advertising,"['ad', 'Ad allowances', 'Consumer', 'Advertising']"
Local brand,['Brand']
Localization,"['ad', 'Strategy', 'message', 'rate', 'Message', 'Brand', 'Culture', 'Advertising', 'Adaptation', 'strategy']"
Low-context cultures,"['Message', 'message']"
Low involvement,"['Market', 'market']"
program,"['Affective response', 'Program preemptions', 'Clutter reel', 'Prime time', 'R Radio Network', 'Underwriting', 'Sweeps', 'Z Zap', 'Webisode', 'Satellite television', 'Spot announcements', 'International marketing', 'Cross promotion', 'Nonprofit advertising', 'Satellite radio', 'M Make goods', 'Town hall forums', 'Change agent', 'ad', 'program', 'Rate card', 'Corporate social responsibility', 'Widgets', 'Heuristics', 'Online video', 'Co-marketing', 'Predictive dialing', 'Broadcast network', 'Digital marketing', 'Post-testing research', 'Syndication', 'Customer', 'Event marketing']"
M Make goods,"['ad', 'program', 'message', 'Medium', 'media', 'Message', 'medium', 'Advertiser']"
Market,"['Holding companies', 'Account planner', 'Sales promotion', 'Brand', 'Buyer', 'Catalog', 'Fulfillment', 'Direct-response advertising', 'Permission marketing', 'Prospecting', 'Segmenting', 'International marketing', 'Cross promotion', 'Undifferentiated strategy', 'Product development', 'Scanner research', 'Videographer', 'Marketing services', 'Four Ps', 'Media kit', 'Advertising research', 'Relational database', 'Display copy', 'Intermediaries', 'Media optimization', 'Experiential marketing', 'Marketing concept', 'Brand communities', 'Purging', 'Minisites', 'Receiver', 'Refund', 'Single-source research', 'Consumer research', 'Marketing research', 'Test market', 'Positioning', 'Social marketing', 'Lead agency', 'Effective', 'Cold call', 'Database marketing', 'Marketer', 'Reminder advertising', 'Brand management', 'Marketing imperialism', 'Media research', 'Direct mail', 'Offer', 'Guerrilla marketing', 'value added media services', 'Outbound telemarketing', 'Compiled list', 'Semiotic analysis', 'Beliefs', 'Effects', 'Direct-response marketing communica- tion', 'Social media marketing', 'Databases', 'Personal selling', 'IMC research', 'Intrusive', 'Predictive dialing', 'Price', 'Puffery', 'Low involvement', 'Institutional markets', 'Campaign plan', 'Target market', 'Behavioral targeting', 'Telemarketing', 'Global brand', 'Controlled media', 'Niche market', 'Marketing mix', 'Search marketing', 'Carrot mob', 'Town hall forums', 'Personal sales', 'Added value', 'Brand penetration', 'Corporate identity advertising', 'Showing', 'Direct-response marketing', 'Demonstration', 'Response list', 'Market segmentation', 'Channel market', 'Social networking']"
Market research,"['Customer', 'Consumer research', 'Consumer']"
Market segmentation,"['market', 'rate', 'Marketing mix', 'Buyer', 'Market']"
Market selectivity,"['medium', 'Consumer', 'Medium']"
Marketer,"['Personal sales', 'market', 'Controlled media', 'Marketing mix', 'Cross promotion', 'Exchange', 'Brand', 'Marketing services', 'Cold call', 'Target market', 'Receiver', 'Consumer', 'Personal selling', 'Refund', 'Market']"
Marketing concept,"['market', 'Needs', 'Wants', 'Customer', 'Market']"
Marketing imperialism,"['ad', 'market', 'Values', 'Culture', 'Market']"
Marketing mix,"['market', 'Credibility', 'Marketing research', 'Public relations', 'rate', 'Marketing mix', 'Brand', 'Market segmentation', 'Consumer', 'Four Ps', 'Market', 'Marketer']"
Marketing research,"['Market', 'Marketing mix', 'market']"
Marketing services,"['Holding companies', 'Suppliers', 'market', 'message', 'media', 'Message', 'Market', 'Marketer']"
Maven marketing,"['ad', 'media', 'Circulation', 'circulation', 'Advertising']"
Mechanicals,"['ad', 'message', 'media', 'Offset printing', 'Message', 'Position']"
Media buyer,"['ad', 'Advertisement', 'media']"
flow chart,['media']
Media kit,"['ad', 'Take', 'market', 'media', 'Market']"
Media objective,"['Media strategy', 'media']"
Media optimization,"['ad', 'market', 'media', 'Advertising', 'Market']"
Media planners,"['Open-ended questions', 'rate', 'media']"
Media planning,"['ad', 'media', 'Heavy-up schedule', 'Weighting', 'Frequency quintile distribution analysis', 'Frequency distribution']"
Media relations,['media']
Media reps,['media']
Media research,"['Market', 'market', 'media']"
Media researchers,['media']
Media salespersons,"['medium', 'Buyer', 'Medium']"
Media strategy,"['Continuous strategy', 'Media objective', 'media']"
Media tour,"['ad', 'Uncontrolled media', 'media']"
Media-buying services,['media']
medium,"['Targeted reach', 'Media salespersons', 'Medium', 'Image advertising', 'News release', 'Coverage', 'media', 'Weighting', 'Market selectivity', 'medium', 'M Make goods', 'Share of voice', 'Institutional markets']"
Medium,"['Targeted reach', 'Media salespersons', 'media', 'Image advertising', 'News release', 'Coverage', 'Weighting', 'Market selectivity', 'medium', 'M Make goods', 'Share of voice', 'Institutional markets']"
Mental rehearsal,"['ad', 'Advertiser', 'Visualization', 'Consumer']"
Merging,['Compiled list']
Message,"['Mobile marketing', 'Frequency distribution', 'Strategic consistency', 'Awareness', 'Effective frequency', 'Packaging', 'Direct-response advertising', 'Cognitive learning', 'Problem avoidance message', 'Creative platform', 'Communication brief', 'M Make goods', 'Subliminal', 'Relevance', 'Videographer', 'Closing paragraph', 'Marketing services', 'Advertising plan', 'Two-step offer', 'Answer print', 'Low-context cultures', 'Liking', 'Source', 'Tip-ins', 'Product-as-hero', 'Humor', 'Mechanicals', 'Insight mining', 'Flash mob', 'Share of voice', 'ad', 'Resonance', 'Corporate image', 'Message development research', 'Concurrent research', 'Feedback', 'Semi-controlled media', 'Spokesperson', 'Interactivity', 'Typography', 'Claim substantiation', 'One-step offer', 'Guerrilla marketing', 'Selective attention', 'Creative strategy', 'Diagnostic research', 'Intrusiveness', 'News release', 'model', 'Beliefs', 'Hard sell', 'Problem solution message', 'Indirect action', 'Direct-response marketing communica- tion', 'Soft sell', 'Implied third-party endorsement', 'Display advertising', 'Multiplatform', 'Stereotype', 'Intrusive', 'Immersion', 'Localization', 'Variable data campaigns', 'Noise', 'Addressable media', 'Teaser', 'Institutional markets', 'Advocacy advertising', 'message', 'High-context culture', 'Specialty advertising', 'Target market', 'Inquiry tests', 'Targeted reach', 'Brand licensing', 'Carryover effect', 'Selling premise', 'Taglines', 'Advertisement', 'Clutter', 'Emotional appeals', 'Testimonial', 'Body copy', 'Appeal', 'Execution', 'Kiosks', 'Message strategy', 'per lead']"
Message development research,"['Strategy', 'message', 'rate', 'Message', 'Message strategy', 'strategy']"
Message strategy,"['ad', 'message', 'Product-as-hero', 'Problem solution message', 'Humor', 'Message', 'Problem avoidance message', 'Creative platform', 'Teaser', 'Spokesperson', 'Message development research']"
Metaphors,['Comparison']
Micro-blog,['Blog']
Micro-sites,['Website']
Microtargeting,['Databases']
Minisites,"['ad', 'Link', 'market', 'Original', 'Website', 'Market']"
Mission statement,['Values']
Mixer,[]
Mobile marketing,"['Message', 'message']"
Moment-by-moment tests,[]
Morning drive time,['ad']
Morphing,['ad']
Motivation,"['Wants', 'Consumer insight research']"
Motivation test,['Consumer']
Motive,"['ad', 'media']"
Multiplatform,"['Public relations', 'message', 'Sales promotion', 'Message', 'Brand', 'Website']"
Needs,"['Consumer behavior', 'D Dailies', 'Marketing concept', 'Product-driven philosophy', 'Product development']"
Netcasting,"['ad', 'Link', 'Casting', 'Perception', 'rate', 'Brand', 'Association', 'Vlogs']"
Neuromarketing,[]
News release,"['Public relations', 'message', 'media', 'Medium', 'Message', 'medium', 'Video editing']"
News value,['Interest']
Newsprint,[]
Niche market,"['Market', 'Benefit', 'market']"
media,"['one-bill', 'Frequency distribution', 'Media strategy', 'Advertising', 'M Make goods', 'Preferred-position rate', 'Continuous strategy', 'Marketing services', 'Brokers', 'Media kit', 'Uncontrolled media', 'Convergence', 'Advertising plan', 'Direct action', 'Media optimization', 'Line art', 'Maven marketing', 'of communication', 'Medium', 'Purging', 'Preferred positions', 'Mechanicals', 'Test market', 'Free association', 'Flash mob', 'Reseller', 'Weighting', 'Media objective', 'Diaries', 'Concurrent research', 'Semi-controlled media', 'Media research', 'Direct mail', 'Grip', 'Commission', 'Media tour', 'Intrusiveness', 'Value billing', 'News release', 'Frequency quintile distribution analysis', 'Unbundling media services', 'value added media services', 'Sales kits', 'Widgets', 'Social media marketing', 'Implied third-party endorsement', 'Media planning', 'Offline advertising', 'Media-buying services', 'Consumer research panel', 'Media buyer', 'Average frequency', 'Digital marketing', 'Addressable media', 'Feature story', 'Campaign', 'Media reps', 'Open-ended questions', 'Media planners', 'E-commerce', 'medium', 'Broadband', 'Targeted reach', 'Interest', 'Controlled media', 'Heavy-up schedule', 'Motive', 'Publicity', 'Channel of distribution', 'Media relations', 'Direct-response marketing', 'Press conference', 'Channel market', 'Social networking', 'Pitch letter', 'flow chart', 'Media researchers', 'per lead']"
Noise,"['ad', 'message', 'Message', 'Advertising']"
Nonprofit advertising,"['ad', 'Association', 'program']"
Nontraditional delivery,"['ad', 'Wants', 'Culture']"
Objective-task method,[]
Observation research,['Take']
Off camera,[]
Offer,"['Direct mail', 'Infomercial', 'market', 'message', 'Response list', 'One-step offer', 'Customer', 'materials', 'Refund', 'Market', 'diaries']"
Offline advertising,"['ad', 'media', 'Website', 'Advertiser', 'Consumer', 'Advertising']"
Offset printing,"['Mechanicals', 'Image']"
On location,[]
one-bill,"['ad', 'rate', 'media', 'Advertiser', 'Advertising']"
One-step offer,"['Offer', 'Message', 'message']"
Online video,['program']
Open-ended questions,"['ad', 'Direct mail', 'media', 'rate', 'Media planners', 'Consumer', 'In-depth interview', 'model']"
Original,"['Copyright', 'Industrial advertising', 'Big Idea', 'ROI of creativity', 'B Back translation', 'Minisites', 'Syndication', 'Claymation', 'Primary research', 'Creative concept']"
Out-of-home advertising,"['ad', 'display']"
Out-of-register color,['Image']
Outbound telemarketing,"['Market', 'market']"
Outdoor advertising,['ad']
Overlines,"['ad', 'Headline']"
P Pace,[]
Package goods,"['Household', 'Family']"
Packaging,"['Brand', 'Message', 'message']"
Page views,['Website']
Painted outdoor bulletins,"['ad', 'Advertisement']"
Pantry checks,['ad']
Participant observation,"['ad', 'Advertiser']"
Pass-along readership,"['Circulation', 'circulation', 'Consumer', 'ad']"
Payout analysis,"['ad', 'Comparison', 'rate', 'Website', 'Customer']"
Payout planning,"['Effective', 'Sales promotion', 'Effectiveness']"
People meters,[]
Perceived risk,[]
Percentage-of-sales method,"['ad', 'Advertising']"
Perception,"['Corporate image', 'Brand advertising', 'Association tests', 'Brand meaning', 'Subliminal', 'Netcasting', 'Image']"
Perceptual map,"['Consumer', 'Position']"
Permission marketing,"['Market', 'market', 'Consumer']"
Permission to believe,"['techniques', 'Conviction', 'Credibility']"
Personal sales,"['Direct mail', 'market', 'Customer', 'Market', 'Marketer']"
Personal selling,"['Customer', 'Market', 'market', 'Marketer']"
Personalization,"['Interest', 'Customer', 'Conviction', 'rate']"
Persuasion test,"['ad', 'Effectiveness', 'Effective', 'Brand', 'Advertisement']"
Picture sort,[]
Pitch letter,['media']
Podcasting,['ad']
Podcasts,['ad']
Point of differentiation,[]
display,"['Out-of-home advertising', 'Selling premise', 'Brand', 'Trade show', 'display', 'Call-out', 'Headline', 'materials']"
materials,"['Offer', 'Brand', 'Cold call', 'display', 'poster', 'materials', 'Die-cutting', 'Content analysis']"
Pop-ups and pop-behind,"['ad', 'Website', 'Screen']"
Population,"['Targeted reach', 'Brand penetration', 'Rate card', 'Sample', 'Showing', 'Grip', 'Frequency distribution', 'Random sample']"
Portal,"['Link', 'Website']"
Position,"['Beliefs', 'Press conference', 'Reminder advertising', 'Mechanicals', 'Perceptual map', 'Problem avoidance message', 'Attention', 'Free association', 'Brand', 'Layout', 'Consumer', 'Undifferentiated strategy', 'Strategic consistency', 'Composition']"
Positioning,"['Market', 'Reminder advertising', 'market', 'Consumer']"
Post-testing research,"['Effective', 'program', 'Effectiveness']"
Postproduction,[]
Predictive dialing,"['program', 'market', 'Trial', 'Market', 'Telemarketing']"
Preference,"['ad', 'Leads', 'Intend-to-buy test']"
Preferred positions,"['ad', 'Advertiser', 'Appeal', 'media']"
Preferred-position rate,"['Appeal', 'media']"
Premium,[]
Preprints,"['ad', 'Advertising']"
Proproduction,"['ad', 'Production notes']"
Press conference,"['ad', 'Leads', 'Position', 'media']"
Price,"['Promotional allowances', 'market', 'Price deal', 'Price-value strategy', 'Price copy', 'Experimental research', 'Four Ps', 'Market']"
Price copy,"['ad', 'Price', 'Advertising']"
Price deal,['Price']
Price-value strategy,"['Customer', 'Price']"
Primary research,"['Original', 'Source']"
Prime time,['program']
Print production,"['Take', 'Layout']"
poster,"['transit advertising', 'materials', 'Interior transit advertising']"
Privacy policy,['Website']
Private label brands,['Brand']
Private labels,"['Brand', 'Private labels']"
Pro bono,[]
Problem avoidance message,"['Strategy', 'message', 'rate', 'Message', 'Brand', 'Message strategy', 'Position', 'strategy']"
Problem solution message,"['Strategy', 'message', 'rate', 'Message', 'Message strategy', 'strategy']"
Process colors,"['Four-color printing', 'Color separation']"
Product category,"['Evoked set', 'Brand identity', 'Consumer research panel']"
Product development,"['Strategy', 'market', 'rate', 'Needs', 'Effective', 'Attributes', 'Customer', 'Market', 'strategy']"
Product placement,"['Brand name', 'Brand']"
Product reviews,[]
Product-as-hero,"['Strategy', 'message', 'rate', 'Message', 'Message strategy', 'strategy']"
Product-driven philosophy,"['Needs', 'Consumer']"
Production notes,['Proproduction']
Professional advertising,['ad']
Profiles,"['Targeted reach', 'Lifestyle']"
Program preemptions,['program']
techniques,"['Tactic', 'Intrusiveness', 'rate', 'Puffery', 'Brand', 'Permission to believe', 'Consumer']"
Promise,['Benefit']
Promotional allowances,"['ad', 'Price', 'Retail advertising', 'Advertising']"
Prospecting,"['Market', 'market', 'Prospects']"
Prospects,"['Leads', 'Call centers', 'Prospecting', 'Addressable media', 'Brand', 'Customer', 'per lead']"
Psychographics,['Consumer']
Psychological pricing,"['Strategy', 'rate', 'Customer', 'strategy']"
Public affairs,"['Take', 'Campaign', 'Lobbying']"
Public opinion,"['Issue management', 'Beliefs', 'Catalog']"
Public radio,"['ad', 'Casting', 'Public radio']"
Public relations,"['ad', 'Public relations', 'News release', 'Effective', 'Marketing mix', 'E-commerce', 'Cold call', 'Advertising', 'Multiplatform', 'Image', 'Publics']"
Public television,"['ad', 'Advertising']"
Publicity,"['Interest', 'E-commerce', 'media']"
Publics,['Public relations']
Puffery,"['ad', 'Strategy', 'market', 'rate', 'Consumer', 'Advertising', 'techniques', 'Market', 'strategy']"
Pulsing strategy,"['ad', 'Advertising']"
Purging,"['ad', 'Strategy', 'market', 'Diaries', 'media', 'rate', 'Advertising', 'Compiled list', 'Market', 'Reseller', 'diaries', 'strategy']"
Q Qualitative research,[]
Quantitative research,['Consumer']
R Radio Network,['program']
Radio script,['ad']
Random sample,"['Population', 'Sample']"
Rate card,"['ad', 'Household', 'program', 'Population', 'Advertising']"
Reason to believe,"['ad', 'Claim', 'Advertising']"
Reason why,"['Benefit', 'Sales promotion', 'Customer']"
Recall,"['ad', 'AIDA', 'Carryover effect', 'Indirect action', 'Typography']"
Recall test,"['ad', 'Advertisement']"
Receiver,"['ad', 'market', 'Feedback', 'C Cable radio', 'Buyer', 'Customer', 'Advertisement', 'Selective attention', 'Market', 'Subliminal', 'Marketer']"
Recognition,"['Typography', 'AIDA']"
Recognition test,"['ad', 'Showing', 'Advertisement']"
Reference group,[]
Referrals,['Brand']
Refund,"['market', 'Offer', 'Consumer', 'Market', 'Marketer']"
Regional brand,"['ad', 'Brand']"
Registered,"['Image', 'Undifferentiated strategy']"
Relational database,"['market', 'Segmenting', 'Customer', 'Databases', 'Market']"
Release prints,['ad']
Relevance,"['Message', 'message']"
Relevant,"['Single-source research', 'ROI of creativity', 'Key visual', 'High involvement', 'Cross-functional organization']"
Reliability,"['Reliability', 'Credibility']"
Reminder advertising,"['ad', 'Strategy', 'market', 'rate', 'Specialty advertising', 'Positioning', 'Brand name', 'Brand', 'Consumer', 'Position', 'Market', 'strategy']"
Reputation,"['Brand equity', 'Corporate relations', 'Corporate identity advertising']"
Reputation management,['Take']
Reseller,"['Diaries', 'media', 'Intermediaries', 'Purging', 'Channel market', 'diaries']"
Resonance,"['message', 'Message', 'Consumer']"
Response list,"['Market', 'Offer', 'market']"
Retail advertising,"['ad', 'Promotional allowances', 'Consumer']"
Retainer,[]
Right brain thinking,[]
ROI of creativity,"['Original', 'Relevant']"
Rough cut,[]
Rough layouts,"['Attention', 'Layout']"
rate,"['Account planner', 'one-bill', 'Catalog', 'Strategic consistency', 'Bleed throughs', 'Full-service agency', 'Problem avoidance message', 'Creative platform', 'Advertising', 'Communication brief', 'Die-cutting', 'Product development', 'Videographer', 'Your-name-here copy', 'Continuous strategy', 'techniques', 'Advertising research', 'Advertising plan', 'Experiential marketing', 'Institutional advertising', 'Social responsibility', 'Creative concept', 'Structural analysis', 'Developmental research', 'Purging', 'Creative boutique', 'Product-as-hero', 'Humor', 'Flash mob', 'Strategic philanthropy', 'ad', 'Fee system', 'Netcasting', 'Message development research', 'Database marketing', 'Concurrent research', 'Reminder advertising', 'Spokesperson', 'Interactivity', 'Diagnostic research', 'Value billing', 'Unbundling media services', 'Brand advertising', 'Crawl', 'Strategic planning', 'Personalization', 'Problem solution message', 'Stock footage', 'Social media marketing', 'Underlines', 'Localization', 'Puffery', 'Teaser', 'Core values', 'Institutional markets', 'Advocacy advertising', 'Payout analysis', 'message', 'Open-ended questions', 'Media planners', 'Interlock', 'Global brand', 'Search marketing', 'Marketing mix', 'Psychological pricing', 'Comparative advertising', 'Argument', 'Tactic', 'Emotional appeals', 'Demonstration', 'Call-out', 'World Wide Web', 'rate', 'Market segmentation', 'Social networking', 'Store traffic', 'per lead']"
Rushes,[]
S Saccadic eye movement,"['ad', 'Take']"
Sales kits,['media']
Sales levels,['Customer']
Sales promotion,"['ad', 'market', 'Reason why', 'Cold call', 'Multiplatform', 'Market', 'Payout planning']"
Sample,"['Population', 'Random sample']"
Sampling,['Consumer']
Satellite radio,"['ad', 'program']"
Satellite television,"['program', 'Subscription television']"
Scanner research,"['Household', 'Market', 'market', 'Consumer']"
Scenes,"['D Dailies', 'Script clerk']"
Screen,"['Widgets', 'Pop-ups and pop-behind', 'Screen', 'Tint blocks', 'Selective perception', 'Crawl', 'Image']"
Script clerk,['Scenes']
Search engine,"['Internet', 'Key visual']"
Search marketing,"['Market', 'market', 'Consumer', 'rate']"
Search optimization,"['Brand', 'Website', 'Consumer', 'Link']"
Secondary research,['ad']
Segmenting,"['Market', 'market', 'Relational database']"
Selective attention,"['Message', 'Receiver', 'message']"
Selective perception,"['Interest', 'Screen']"
Self-liquidator,[]
Selling premise,"['ad', 'message', 'Message', 'display', 'Layout', 'Advertising']"
Semi-controlled media,"['Internet', 'Message', 'message', 'media']"
Semiotic analysis,"['Market', 'Brand', 'market', 'Take']"
Share of mind,['Brand']
Share of voice,"['ad', 'message', 'Medium', 'Message', 'Brand', 'medium', 'Advertising']"
Share of wallet,['Brand']
Shelf talkers,"['Customer', 'Take', 'Coupons']"
Shoppers,['Customer']
Showing,"['Market', 'Recognition test', 'market', 'Population']"
Single-source research,"['ad', 'market', 'Relevant', 'Campaign plan', 'Campaign', 'Market']"
Skyscrapers,"['ad', 'Website']"
Slice-of-life message,['ad']
Slogans,"['ad', 'Campaign']"
Smart phones,"['ad', 'Internet']"
model,"['ad', 'message', 'Open-ended questions', 'Effects', 'Message', 'Advertising', 'model']"
Social class,"['Values', 'Lifestyle']"
Social games,['Game']
Social learning,[]
Social marketing,"['Market', 'market']"
Social media marketing,"['ad', 'Take', 'market', 'rate', 'media', 'Market']"
Social networking,"['Market', 'rate', 'market', 'media']"
Social responsibility,"['Values', 'rate']"
Societal marketing,[]
Soft sell,"['Message', 'message']"
Soft-sell approach,"['ad', 'Brand', 'Image', 'Consumer']"
Sound effects,[]
Source,"['ad', 'message', 'Feedback', 'Videographer', 'Message', 'Values', 'Advertiser', 'Primary research', 'Undifferentiated strategy', 'Credibility', 'Strategic philanthropy', 'Source credibility']"
Source credibility,['Source']
Spam,"['ad', 'Spoofing']"
bureau,[]
Specialty advertising,"['ad', 'message', 'Reminder advertising', 'Message', 'Advertising']"
Spokes-character,['Spokesperson']
Spokesperson,"['Strategy', 'message', 'rate', 'Message', 'Message strategy', 'Spokes-character', 'Endorser', 'strategy']"
Spoofing,['Spam']
Spot announcements,"['ad', 'program']"
Spot buy,"['ad', 'Advertising']"
Spot color,"['ad', 'Attention', 'Layout']"
Spot radio advertising,"['ad', 'Interest', 'Take', 'Advertising']"
Standardization,"['ad', 'Campaign', 'Culture', 'International advertising', 'Advertising']"
Stereotype,"['ad', 'Interest', 'message', 'Message', 'Website']"
Stock footage,['rate']
Stop motion,['Brand']
Store traffic,['rate']
message,"['Mobile marketing', 'Frequency distribution', 'Brand', 'Strategic consistency', 'Awareness', 'Effective frequency', 'Packaging', 'Direct-response advertising', 'Cognitive learning', 'Problem avoidance message', 'Creative platform', 'Communication brief', 'M Make goods', 'Subliminal', 'Relevance', 'Videographer', 'Closing paragraph', 'Marketing services', 'Advertising plan', 'Two-step offer', 'Answer print', 'Low-context cultures', 'Liking', 'Source', 'Tip-ins', 'Product-as-hero', 'Humor', 'Mechanicals', 'Insight mining', 'Flash mob', 'Share of voice', 'Resonance', 'Corporate image', 'Message development research', 'Concurrent research', 'Feedback', 'Semi-controlled media', 'Spokesperson', 'Interactivity', 'Typography', 'Claim substantiation', 'Offer', 'One-step offer', 'Guerrilla marketing', 'Selective attention', 'Creative strategy', 'Diagnostic research', 'Intrusiveness', 'News release', 'Brand name', 'model', 'Beliefs', 'Hard sell', 'Problem solution message', 'Indirect action', 'Direct-response marketing communica- tion', 'Soft sell', 'Implied third-party endorsement', 'Display advertising', 'Multiplatform', 'Stereotype', 'Intrusive', 'Immersion', 'Localization', 'Variable data campaigns', 'Noise', 'Addressable media', 'Teaser', 'Institutional markets', 'Advocacy advertising', 'message', 'High-context culture', 'Specialty advertising', 'Target market', 'Inquiry tests', 'Targeted reach', 'Brand licensing', 'Carryover effect', 'Message', 'Selling premise', 'Taglines', 'Clutter', 'Emotional appeals', 'Testimonial', 'Body copy', 'Appeal', 'rate', 'Execution', 'Kiosks', 'Message strategy', 'per lead']"
Strategic consistency,"['Interest', 'Take', 'Strategy', 'message', 'rate', 'Message', 'Brand', 'Position', 'Image', 'strategy']"
Strategic philanthropy,"['Source', 'Brand', 'Full-service agency', 'rate']"
Strategic planning,"['Advertising research', 'Tactic', 'rate']"
Strategic research,"['ad', 'Leads']"
Strategy,"['Account planner', 'Developmental research', 'Purging', 'Creative boutique', 'Strategic consistency', 'Image', 'Global brand', 'Diagnostic research', 'Product-as-hero', 'Humor', 'Problem avoidance message', 'Creative platform', 'Brand advertising', 'Psychological pricing', 'Comparative advertising', 'Communication brief', 'Die-cutting', 'Argument', 'Product development', 'Tactic', 'Problem solution message', 'Videographer', 'Continuous strategy', 'Demonstration', 'Message development research', 'Localization', 'Reminder advertising', 'Puffery', 'Teaser', 'Spokesperson', 'Creative concept']"
Structural analysis,"['Claim', 'rate']"
Subheads,"['ad', 'Headline']"
Subliminal,"['message', 'Message', 'Receiver', 'Perception']"
Subscription television,['Satellite television']
Substantiation,['Claim']
Superstations,[]
Superstitials,"['Website', 'Internet']"
Supplements,"['ad', 'Advertising']"
Suppliers,"['Marketing services', 'Industrial advertising']"
Supply chain,['Claim']
Survey research,[]
Sweeps,"['program', 'Game']"
Sweepstakes,"['Game', 'Contest']"
Switchers,['Brand']
Symbolic meaning,['Association']
Syndication,"['ad', 'program', 'Original']"
T Tabloid,[]
Tactic,"['Strategic planning', 'Strategy', 'rate', 'techniques', 'strategy']"
Tag clouds,[]
Tagging,[]
Taglines,"['ad', 'Message', 'Advertisement', 'message']"
Tags,['Hard-sell approach']
Take,"['Public affairs', 'Corporate image', 'Display copy', 'Strategic consistency', 'Shelf talkers', 'Spot radio advertising', 'Print production', 'Observation research', 'Reputation management', 'Semiotic analysis', 'S Saccadic eye movement', 'Social media marketing', 'Media kit', 'Click fraud', 'Game', 'Cross-functional organization']"
Talent,[]
Target market,"['ad', 'market', 'message', 'Message', 'Wants', 'Consumer', 'Market', 'Marketer']"
Targeted reach,"['ad', 'message', 'Medium', 'media', 'Population', 'Message', 'Profiles', 'medium', 'Advertising']"
Teaser,"['Strategy', 'message', 'rate', 'Message', 'Message strategy', 'strategy']"
Telemarketing,"['Market', 'Predictive dialing', 'market']"
Television script,[]
Test market,"['ad', 'Market', 'market', 'media']"
Testimonial,"['Endorsement', 'Message', 'message']"
Theater of the mind,['ad']
Thumbnail sketches,['Layout']
Tie-ins,"['ad', 'Advertiser']"
Time-shifting,[]
Tint blocks,"['ad', 'Screen']"
Tip-ins,"['ad', 'message', 'Message', 'Brand', 'Customer', 'Advertiser']"
Town hall forums,"['Market', 'program', 'market']"
Tracking studies,"['Brand', 'Consumer']"
Trade advertising,"['ad', 'Advertising']"
Trade deal,[]
Trade show,"['Brand name', 'Brand', 'display', 'ad']"
Traditional delivery,['ad']
Traffic department,['ad']
Trailers,"['ad', 'Advertisement']"
Transformation,"['Brand', 'Image']"
Trend spotters,"['ad', 'Consumer']"
Trial,['Predictive dialing']
Tweets,['ad']
Two-step offer,"['ad', 'Leads', 'message', 'Message', 'Consumer']"
Typography,"['Cognition', 'message', 'Message', 'Recall', 'Recognition']"
Unbundling media services,"['rate', 'media']"
circulation,"['Maven marketing', 'Pass-along readership']"
Uncontrolled media,"['Media tour', 'media']"
Underlines,"['ad', 'Body copy', 'Headline', 'rate']"
Underwriting,"['ad', 'Casting', 'program']"
Undifferentiated strategy,"['ad', 'Benefit', 'market', 'Domain name', 'Registered', 'Source', 'Website', 'Internet', 'Consumer', 'Position', 'Market']"
Usage,['Consumer']
User-generated ads,['Website']
V Validity,['ad']
value added media services,"['ad', 'market', 'media', 'Advertising', 'Market']"
Value billing,"['Execution', 'rate', 'media']"
Values,"['Corporate culture', 'Values', 'Core values', 'Source', 'Marketing imperialism', 'Lifestyle', 'Mission statement', 'Social responsibility', 'Social class']"
Vampire creativity,"['Big Idea', 'Brand']"
Variable data campaigns,"['Message', 'message']"
Video editing,"['ad', 'News release']"
Videographer,"['ad', 'Interest', 'Strategy', 'market', 'message', 'rate', 'Message', 'Source', 'Consumer', 'Market', 'Image', 'strategy']"
Virtual communities,"['Brand', 'Interest']"
Visualization,['Mental rehearsal']
Vlogs,"['Blog', 'Netcasting']"
Voice-over,[]
Wants,"['ad', 'Interest', 'Nontraditional delivery', 'Target market', 'Advertising', 'Marketing concept', 'Motivation']"
Wave analysis,"['ad', 'Campaign', 'Advertising']"
Website,"['Page views', 'Payout analysis', 'Micro-sites', 'Minisites', 'Key visual', 'Superstitials', 'Chat room', 'Click fraud', 'Link', 'Portal', 'Domain name', 'Home page', 'Click-through rates', 'Undifferentiated strategy', 'Widgets', 'Search optimization', 'Offline advertising', 'Multiplatform', 'Stereotype', 'Skyscrapers', 'Pop-ups and pop-behind', 'Privacy policy', 'User-generated ads']"
Webcasting,"['ad', 'Internet']"
Webisode,"['ad', 'program', 'Advertisement']"
Weighting,"['Media planning', 'medium', 'media', 'Medium']"
White space,"['Gutter', 'Layout']"
Widgets,"['ad', 'program', 'media', 'Screen', 'Website']"
World Wide Web,"['Internet', 'rate']"
Y Yellow Pages,"['ad', 'Advertising']"
Your-name-here copy,"['Claim', 'rate']"
Z Zap,['program']
Zone editions,[]
